ID_LONG,PTO1_PRE,PTO2_PRE,PTO3_PRE,PTO4_PRE,PTO5_PRE,PTO6_PRE,PTO7_PRE,PTO8_PRE,PTO_PRE_TOTAL,PTS1_PRE,PTS2_PRE,PTS3_PRE,PTS4_PRE,PTS5_PRE,PTS6_PRE,PTS7_PRE,PTS8_PRE,PTS_PRE_TOTAL,PVO1_PRE,PVO2_PRE,PVO3_PRE,PVO4_PRE,PVO5_PRE,PVO6_PRE,PVO7_PRE,PVO8_PRE,PVO_PRE_TOTAL,PVS1_PRE,PVS2_PRE,PVS3_PRE,PVS4_PRE,PVS5_PRE,PVS6_PRE,PVS7_PRE,PVS8_PRE,PVS_PRE_TOTAL,NTO1_PRE,NTO2_PRE,NTO3_PRE,NTO4_PRE,NTO5_PRE,NTO6_PRE,NTO7_PRE,NTO8_PRE,NTO_PRE_TOTAL,NTS1_PRE,NTS2_PRE,NTS3_PRE,NTS4_PRE,NTS5_PRE,NTS6_PRE,NTS7_PRE,NTS8_PRE,NTS_PRE_TOTAL,NVO1_PRE,NVO2_PRE,NVO3_PRE,NVO4_PRE,NVO5_PRE,NVO6_PRE,NVO7_PRE,NVO8_PRE,NVO_PRE_TOTAL,NVS1_PRE,NVS2_PRE,NVS3_PRE,NVS4_PRE,NVS5_PRE,NVS6_PRE,NVS7_PRE,NVS8_PRE,NVS_PRE_TOTAL,PTO1_POST,PTO2_POST,PTO3_POST,PTO4_POST,PTO5_POST,PTO6_POST,PTO7_POST,PTO8_POST,PTO_POST_TOTAL,PTS1_POST,PTS2_POST,PTS3_POST,PTS4_POST,PTS5_POST,PTS6_POST,PTS7_POST,PTS8_POST,PTS_POST_TOTAL,PVO1_POST,PVO2_POST,PVO3_POST,PVO4_POST,PVO5_POST,PVO6_POST,PVO7_POST,PVO8_POST,PVO_POST_TOTAL,PVS1_POST,PVS2_POST,PVS3_POST,PVS4_POST,PVS5_POST,PVS6_POST,PVS7_POST,PVS8_POST,PVS_POST_TOTAL,NTO1_POST,NTO2_POST,NTO3_POST,NTO4_POST,NTO5_POST,NTO6_POST,NTO7_POST,NTO8_POST,NTO_POST_TOTAL,NTS1_POST,NTS2_POST,NTS3_POST,NTS4_POST,NTS5_POST,NTS6_POST,NTS7_POST,NTS8_POST,NTS_POST_TOTAL,NVO1_POST,NVO2_POST,NVO3_POST,NVO4_POST,NVO5_POST,NVO6_POST,NVO7_POST,NVO8_POST,NVO_POST_TOTAL,NVS1_POST,NVS2_POST,NVS3_POST,NVS4_POST,NVS5_POST,NVS6_POST,NVS7_POST,NVS8_POST,NVS_POST_TOTAL,PANAS_6,PANAS_7,PANAS_8,PANAS_9,PANAS_10,PANAS_11,PANAS_12,PANAS_13,PANAS_14,PANAS_15,PANAS_16,PANAS_17,PANAS_18,PANAS_19,PANAS_20,POSITIVE_AFFECT_TOTAL,NEGATIVE_AFFECT_TOTAL,TAS_1,TAS_2,TAS_3,TAS_4,TAS_5,TAS_6,TAS_7,TAS_8,TAS_9,TAS_10,TAS_11,TAS_12,TAS_13,TAS_14,TAS_15,TAS_16,TAS_17,TAS_18,TAS_19,TAS_20,TAS_TOTAL,STQ_1,STQ_2,STQ_3,STQ_4,STQ_5,STQ_6,STQ_7,STQ_8,STQ_9,STQ_10,STQ_11,STQ_12,STQ_13,STQ_14,STQ_15,STQ_16,STQ_17,STQ_18,STQ_19,STQ_20,STQ_TOTAL,SAQ_1,SAQ_2,SAQ_3,SAQ_4,SAQ_5,SAQ_6,SAQ_7,SAQ_8,SAQ_9,SAQ_10,SAQ_11,SAQ_12,SAQ_13,SAQ_14,SAQ_15,SAQ_16,SAQ_17,SAQ_18,SAQ_19,SAQ_20,SAQ_21,SAQ_22,SAQ_23,SAQ_24,SAQ_25,SAQ_26,SAQ_27,SAQ_28,SAQ_29,SAQ_30,SAQ_TOTAL,SAQ_PUBLIC,SAQ_INTERACTIONS,SAQ_ASSERTIVE,SAQ_CRITICISM,SAQ_STRANGERS,BAQ_1,BAQ_2,BAQ_3,BAQ_4,BAQ_5,BAQ_6,BAQ_7,BAQ_8,BAQ_9,BAQ_10,BAQ_11,BAQ_12,BAQ_13,BAQ_14,BAQ_15,BAQ_16,BAQ_17,BAQ_18,BAQ_TOTAL,SNS_FREQUENCY,SNS_2,SNS_3,SNS_COMMENTS,SNS_CHECK,SNS_VISIT,SNS_SHARE,SNS_STATUS,SNS_PM,SNS_PROFILE,SNS_11,SNS_PHOTOS,SNS_NOTES,SNS_14,SNS_15,SNS_16,SNS_17,SNS_18,SNS_19,SNS_20,SNS_21,SNS_TOTAL
1,70,66,80,79,85,74,40,59,69.13,10,72,50,70,83,80,79,80,65.50,78,13,70,70,49,80,61,51,59.00,58,67,49,69,80,71,61,80,66.88,58,39,60,30,77,64,61,62,56.38,60,60,60,60,79,71,60,30,60.00,60,30,70,59,39,40,70,51,52.38,60,35,40,59,80,67,53,80,59.25,57,45,78,60,67,55,61,61,60.50,49,63,64,64,59,48,62,58,58.38,61,65,51,43,49,59,55,54,54.63,65,60,15,19,39,29,19,52,37.25,47,33,37,68,66,39,66,50,50.75,55,61,54,65,43,56,70,37,55.13,51,55,56,36,41,72,45,57,51.63,45,38,34,55,56,62,45,72,50.88,1,1,1,4,1,1,3,1,1,1,4,3,2,3,1,170.875,143,2,2,2,2,4,1,1,5,2,3,2,1,2,1,5,5,3,4,4,1,52,1,3,3,4,2,4,0,1,4,0,4,1,4,3,3,0,0,2,4,0,43,2,1,2,2,1,1,2,2,2,1,2,1,1,1,1,2,1,1,1,1,2,1,1,2,2,1,2,2,2,2,45,10,9,8,12,6,7,4,6,6,6,6,6,3,5,3,6,5,5,5,6,5,7,6,97,5,3,3,3,4,3,1,3,4,3,4,3,3,1,4,1,4,1,4,1,4,32
2,94,88,97,96,45,80,86,93,84.88,81,74,92,100,99,85,48,92,83.88,81,89,56,52,86,90,92,79,78.13,94,90,75,95,63,57,76,12,70.25,33,3,5,33,11,4,37,27,19.13,22,78,5,20,5,81,10,57,34.75,11,13,12,30,24,4,5,2,12.63,5,5,4,19,11,15,17,24,12.50,90,89,100,91,96,67,88,95,89.50,73,91,22,98,99,82,29,86,72.50,85,100,53,49,96,98,86,100,83.38,72,84,86,100,100,68,78,66,81.75,34,5,18,8,58,0,48,0,21.38,7,8,0,0,3,12,10,12,6.50,5,25,9,8,19,18,16,5,13.13,0,16,92,3,4,18,11,3,18.38,1,1,1,5,4,1,4,1,5,1,5,5,1,5,1,66.375,29,1,1,1,1,2,1,1,1,1,1,2,2,1,1,2,2,2,2,4,1,30,0,3,0,4,1,4,3,0,0,3,1,0,1,1,4,0,1,4,1,0,31,1,2,1,1,1,1,1,1,2,1,1,1,2,2,1,1,1,2,2,1,2,1,1,1,1,1,1,1,1,1,37,7,6,9,7,8,4,5,3,7,6,6,7,6,2,7,4,2,3,6,6,5,5,6,90,4,3,2,4,5,3,3,3,3,3,5,5,5,2,6,1,6,1,6,6,6,38
3,88,86,72,59,78,81,81,92,79.63,31,79,87,70,69,79,79,88,72.75,85,81,81,80,31,72,89,30,68.63,18,80,76,74,81,80,46,81,67.00,9,10,83,8,78,6,80,21,36.88,69,80,81,50,24,82,69,80,66.88,82,71,72,25,28,80,30,69,57.13,8,78,70,37,78,34,81,80,58.25,63,85,75,77,84,70,75,70,74.88,18,76,74,37,75,76,67,75,62.25,70,27,72,73,73,73,83,71,67.75,53,34,69,72,51,82,66,61,61.00,24,79,62,77,75,73,73,82,68.13,79,30,70,71,77,19,84,76,63.25,74,69,75,46,64,63,29,43,57.88,21,50,72,77,65,17,74,63,54.88,2,2,2,4,4,1,2,1,4,2,4,4,3,4,2,219.875,95,4,4,3,2,2,5,3,4,4,2,4,4,4,4,5,3,5,1,1,3,67,4,1,2,4,0,2,4,0,4,4,3,1,3,2,3,3,4,0,2,0,46,4,4,2,4,2,2,4,4,3,2,4,2,2,2,4,4,2,3,2,3,4,2,4,3,4,4,4,5,5,2,96,20,19,19,24,14,5,4,5,6,6,6,6,4,3,2,4,4,6,6,6,4,4,5,86,1,1,1,1,6,5,4,4,4,1,3,5,6,1,1,1,1,1,1,1,1,37
5,17,21,91,75,90,59,20,17,48.75,10,9,40,62,70,50,0,36,34.63,16,6,20,5,30,57,80,20,29.25,6,5,5,32,40,20,16,44,21.00,10,20,64,5,75,10,59,20,32.88,19,29,9,14,80,9,66,75,37.63,40,30,16,9,19,39,9,17,22.38,30,20,40,59,19,30,51,29,34.75,6,88,87,10,91,57,26,42,50.88,65,6,15,18,48,43,6,16,27.13,9,5,16,30,16,49,14,5,18.00,8,8,60,5,40,38,14,16,23.63,19,10,20,6,80,9,18,20,22.75,20,10,17,35,58,49,60,40,36.13,23,20,20,9,9,7,19,14,15.13,3,30,25,26,74,4,14,33,26.13,1,1,1,3,1,1,3,1,1,1,1,1,1,3,1,127.125,45,3,3,4,2,2,4,2,3,3,2,3,2,3,3,3,2,3,3,3,3,56,3,2,1,3,0,3,0,2,0,3,3,3,0,4,3,3,1,3,1,3,41,1,3,1,3,3,1,1,1,1,1,2,1,1,2,1,1,1,1,2,1,1,1,1,1,1,1,1,1,1,1,39,6,8,12,6,7,4,3,5,5,5,6,6,6,6,5,5,6,6,6,6,6,6,7,99,7,3,6,3,6,5,1,3,3,2,4,3,5,3,3,3,2,2,4,4,4,38
6,62,29,72,37,56,58,53,0,45.88,34,38,53,28,59,43,46,26,40.88,0,58,37,32,41,67,37,38,38.75,15,51,25,40,35,36,53,70,40.63,37,45,60,28,30,46,62,33,42.63,56,37,52,63,66,43,65,72,56.75,54,39,43,44,45,70,36,27,44.75,27,66,71,53,43,35,22,75,49.00,43,65,60,40,81,35,40,64,53.50,43,42,68,28,66,64,66,66,55.38,66,67,38,34,70,59,63,33,53.75,26,42,30,47,53,41,48,72,44.88,63,48,53,41,78,45,47,31,50.75,63,60,69,44,81,34,68,57,59.50,64,53,61,58,73,49,42,63,57.88,34,65,70,65,70,42,43,69,57.25,2,2,1,2,3,1,2,1,2,2,3,3,1,3,2,188.25,123,2,3,1,3,2,1,1,2,2,3,3,2,2,1,4,2,4,2,2,2,44,4,2,1,4,1,4,2,1,1,1,3,2,1,4,4,1,1,3,1,2,43,2,3,3,4,2,3,3,2,3,2,2,3,2,2,2,3,2,3,2,4,3,2,4,3,3,3,5,3,3,4,85,18,24,15,16,12,2,3,5,2,5,5,5,4,5,5,3,3,3,4,5,5,5,3,72,6,3,4,3,5,3,1,2,3,3,3,4,4,4,5,2,4,3,3,1,3,34
7,15,20,30,5,20,5,20,5,15.00,35,10,15,10,20,15,5,15,15.63,10,5,10,10,10,5,10,5,8.13,5,10,5,10,40,5,5,30,13.75,2,2,3,2,2,2,3,5,2.63,40,5,5,5,5,5,2,10,9.63,10,5,3,5,3,5,5,4,5.00,1,2,2,5,50,5,3,3,8.88,15,10,20,10,20,10,10,10,13.13,40,10,20,10,20,10,15,20,18.13,10,10,10,10,10,10,10,10,10.00,10,10,10,10,50,10,10,20,16.25,5,5,5,10,5,5,5,5,5.63,40,5,5,5,5,5,10,10,10.63,10,5,5,5,5,5,5,5,5.63,5,5,5,5,30,5,5,10,8.75,1,1,1,3,1,1,2,1,1,1,2,3,1,1,1,56.75,23,3,4,1,4,3,4,1,4,4,2,4,4,2,1,4,4,4,3,3,4,63,2,1,1,3,0,4,1,0,3,2,2,3,2,4,4,1,1,3,2,2,41,2,3,5,5,3,2,4,1,2,2,2,5,2,3,3,5,2,4,1,5,4,2,5,4,5,3,5,3,4,5,101,27,27,16,19,12,1,3,3,1,3,3,2,1,1,4,1,1,3,5,1,1,3,3,40,6,2,5,2,7,2,1,2,3,3,5,5,5,3,5,1,5,2,3,4,5,36
8,80,70,65,10,70,30,2,20,43.38,30,0,70,20,30,10,40,5,25.63,10,40,20,10,60,10,5,0,19.38,0,0,0,50,40,5,10,20,15.63,10,30,50,0,20,7,30,5,19.00,45,12,30,10,70,20,75,35,37.13,15,5,20,10,25,45,10,0,16.25,10,5,25,50,75,10,3,40,27.25,60,60,50,5,60,20,10,20,35.63,10,0,40,30,30,7,15,15,18.38,5,50,20,10,30,15,5,0,16.88,0,0,0,39,40,5,5,40,16.13,5,20,30,0,10,5,20,5,11.88,10,4,60,20,40,20,40,50,30.50,15,10,10,5,10,5,20,5,10.00,10,10,15,20,15,5,4,50,16.13,1,1,1,3,2,1,1,1,2,1,2,2,1,2,1,49.125,63,1,1,1,3,3,1,1,1,1,3,1,1,1,1,3,3,3,3,2,2,36,3,1,3,4,1,4,3,0,4,4,4,3,1,4,4,2,2,2,3,0,52,4,5,4,4,4,5,5,3,3,3,4,4,3,5,4,5,4,4,1,3,4,4,4,3,5,5,5,4,3,3,117,25,24,26,23,19,1,1,1,1,1,1,1,1,1,7,1,1,2,2,1,1,1,2,27,7,1,3,3,2,3,1,2,3,2,3,3,3,3,4,3,4,2,4,2,3,29
10,18,20,17,7,28,5,14,8,14.63,9,15,17,9,15,7,17,7,12.00,15,7,11,6,10,29,12,7,12.13,5,8,15,17,25,10,15,11,13.25,6,0,1,3,0,0,6,0,2.00,11,0,9,14,0,2,8,16,7.50,5,3,8,3,5,4,7,6,5.13,3,11,11,4,10,11,6,16,9.00,3,7,18,2,1,68,18,34,18.88,22,13,26,27,23,17,8,11,18.38,26,8,12,9,17,11,51,24,19.75,47,0,4,20,20,25,18,8,17.75,0,0,1,4,0,0,3,0,1.00,17,0,12,3,0,4,8,11,6.88,6,17,4,0,12,10,16,0,8.13,0,6,11,1,11,0,0,9,4.75,1,1,1,4,4,1,4,1,4,1,4,4,1,4,1,43.75,17,1,1,1,1,2,1,1,3,1,1,1,1,1,1,3,1,1,1,2,1,26,1,1,2,3,0,4,0,0,2,1,0,1,0,1,4,1,0,2,2,1,26,1,1,1,3,1,1,1,1,1,1,1,1,1,1,1,2,1,1,1,2,1,1,1,1,1,1,2,1,1,2,36,6,11,6,7,6,5,4,7,7,6,5,7,6,6,3,6,6,6,6,6,6,6,6,104,5,2,2,2,5,3,1,2,3,1,4,3,3,2,6,1,6,2,6,1,6,28
11,66,86,91,16,97,43,61,56,64.50,14,31,89,61,90,71,46,35,54.63,56,66,45,14,65,24,39,42,43.88,37,73,17,80,53,43,46,80,53.63,33,32,63,16,46,7,64,53,39.25,76,65,6,84,87,42,73,34,58.38,65,43,46,5,27,66,77,5,41.75,54,23,53,26,67,17,16,75,41.38,90,90,94,18,97,52,66,69,72.00,25,30,89,45,95,82,50,57,59.13,83,80,56,28,89,31,75,28,58.75,28,77,12,79,70,21,53,84,53.00,26,30,90,16,53,17,66,38,42.00,85,74,1,89,83,40,33,30,54.38,80,52,67,30,42,17,60,15,45.38,20,42,58,64,63,14,21,88,46.25,2,1,1,4,4,2,1,1,2,2,3,1,2,2,1,147.25,114,1,2,3,2,2,1,2,1,2,2,2,1,1,1,2,2,4,2,1,4,38,1,3,2,2,1,1,1,0,0,4,0,0,3,0,0,2,2,0,3,1,26,4,3,4,4,1,2,3,5,4,1,4,5,3,1,2,5,3,5,4,3,4,4,4,4,2,3,5,4,3,4,103,22,22,16,26,17,5,1,4,6,6,6,4,7,6,4,7,6,6,6,7,5,7,6,99,7,2,3,2,7,5,1,2,3,2,4,5,5,3,6,1,6,5,6,3,6,39
12,50,50,78,30,69,70,36,41,53.00,9,50,51,48,29,50,36,20,36.63,9,12,21,61,11,17,24,22,22.13,49,25,31,56,70,18,18,69,42.00,11,57,30,18,75,24,55,81,43.88,20,69,66,38,21,39,39,13,38.13,62,54,49,13,40,28,74,60,47.50,66,29,68,34,29,37,25,86,46.75,30,63,59,23,72,22,28,70,45.88,14,45,50,12,48,68,14,39,36.25,22,30,51,72,36,24,11,27,34.13,41,45,65,29,63,18,34,69,45.50,32,21,36,40,40,51,44,57,40.13,18,41,73,20,49,33,48,50,41.50,64,23,42,7,44,27,65,33,38.13,17,33,61,59,69,14,47,29,41.13,1,1,1,4,2,1,5,1,5,1,5,5,1,5,1,188.125,51,1,1,1,1,5,1,1,1,1,1,1,1,1,1,1,1,1,5,1,1,28,0,0,0,4,0,2,0,0,3,0,0,0,0,0,4,0,0,4,0,0,17,1,1,1,1,1,1,1,2,1,1,1,1,1,1,1,1,1,1,1,1,1,1,1,1,1,1,1,1,1,1,31,6,6,6,7,6,1,7,7,7,5,1,7,5,5,7,5,1,1,5,1,1,5,6,77,3,1,4,4,3,3,2,1,1,3,3,3,3,3,5,1,5,3,1,1,5,26
13,35,90,70,0,30,10,10,15,32.50,80,0,20,50,50,30,59,55,43.00,15,20,75,5,30,0,5,0,18.75,10,5,10,80,70,10,40,50,34.38,10,0,20,0,60,20,10,10,16.25,90,20,10,15,30,5,70,30,33.75,20,20,30,0,0,0,5,0,9.38,10,0,20,20,90,5,10,80,29.38,30,40,80,0,80,20,40,35,40.63,0,0,20,10,50,30,25,10,18.13,0,0,20,25,60,15,20,0,17.50,0,0,10,30,70,5,10,60,23.13,10,0,0,0,50,0,20,0,10.00,50,20,30,10,50,10,0,5,21.88,20,30,30,10,0,0,0,20,13.75,0,0,0,0,60,0,15,50,15.63,1,1,1,3,4,2,3,1,4,1,1,1,1,3,1,109.625,59,3,5,1,4,3,1,1,4,5,1,3,1,2,1,1,3,5,1,1,5,51,0,1,2,4,3,4,3,1,0,4,0,4,0,4,4,2,4,0,4,2,46,2,4,2,5,3,2,5,3,2,3,5,2,3,3,4,4,3,2,3,5,4,4,5,5,4,4,5,4,5,5,110,20,27,21,22,20,5,3,7,1,7,7,7,2,4,6,1,6,7,2,1,2,7,7,82,6,1,4,1,4,1,1,3,3,1,1,3,4,1,3,1,4,4,2,1,2,27
14,20,76,100,3,75,0,23,77,46.75,64,1,83,3,59,60,16,59,43.13,36,33,22,2,40,31,75,0,29.88,11,19,30,19,96,76,47,28,40.75,100,24,35,7,28,12,4,26,29.50,9,24,100,75,80,6,14,70,47.25,75,65,90,69,72,10,22,44,55.88,18,12,63,22,76,3,2,5,25.13,4,31,91,28,21,71,29,54,41.13,11,87,73,19,75,52,24,29,46.25,67,11,80,70,81,17,6,74,50.75,22,71,75,60,22,86,77,77,61.25,78,26,16,65,83,17,29,8,40.25,4,13,20,17,77,73,10,85,37.38,5,25,66,75,80,83,7,65,50.75,18,78,14,20,74,23,8,85,40.00,2,1,2,5,1,1,4,1,3,1,5,5,1,3,1,148,118,1,1,1,1,5,1,1,1,1,1,3,4,1,1,1,3,1,1,1,1,31,3,3,0,4,0,3,0,4,3,0,2,3,0,4,4,0,0,4,1,4,42,1,1,1,3,2,1,1,2,1,1,2,1,1,1,1,1,1,1,1,1,2,1,1,3,1,1,1,1,1,3,40,6,10,8,10,6,7,3,6,4,4,5,7,4,6,7,6,5,6,7,7,4,1,1,90,6,2,3,4,3,1,3,2,3,2,5,4,3,7,7,1,7,7,7,2,7,31
16,50,70,90,3,91,13,19,48,48.00,22,30,63,29,69,30,36,43,40.25,64,80,22,46,80,66,44,16,52.25,10,30,16,39,70,29,65,66,40.63,8,18,37,27,36,19,55,67,33.38,45,30,58,60,75,32,74,38,51.50,19,30,9,45,19,10,21,16,21.13,14,20,49,19,56,19,25,80,35.25,30,56,91,31,70,34,31,49,49.00,35,18,47,52,50,47,33,52,41.75,45,45,14,41,30,28,51,39,36.63,19,26,36,31,48,45,41,43,36.13,25,19,41,38,39,22,20,55,32.38,24,19,19,50,45,50,21,50,34.75,30,33,47,33,25,33,19,31,31.38,52,55,25,52,42,20,33,33,39.00,4,4,4,2,2,4,4,4,2,5,2,3,5,2,5,131,,3,3,2,3,4,1,2,2,2,3,3,2,2,2,3,3,2,3,3,3,51,1,3,3,3,4,1,2,2,1,2,2,3,3,3,3,1,3,1,2,1,44,4,4,3,4,4,4,4,4,4,3,4,3,4,4,4,4,4,4,4,4,4,4,4,4,4,4,4,4,4,4,117,22,24,24,24,23,4,3,5,5,4,5,5,5,5,4,5,5,5,4,5,5,5,4,83,6,5,7,3,4,4,4,3,5,6,5,5,7,5,4,5,4,3,3,5,3,47
17,64,80,99,15,100,60,65,45,66.00,30,70,85,70,100,76,65,93,73.63,75,56,35,8,30,45,55,4,38.50,35,55,18,80,80,68,27,95,57.25,5,22,10,12,44,20,50,20,22.88,52,50,80,40,28,52,85,40,53.38,25,20,15,5,40,38,25,16,23.00,11,18,25,40,85,17,22,85,37.88,30,41,84,80,62,30,80,50,57.13,7,11,95,86,20,40,96,65,52.50,47,50,60,55,45,59,58,35,51.13,65,30,19,37,35,19,30,35,33.75,39,59,45,37,50,19,35,30,39.25,6,5,99,89,56,13,74,80,52.75,25,59,27,15,31,45,12,28,30.25,70,20,40,44,30,10,6,38,32.25,1,1,2,4,3,2,3,1,3,2,2,3,1,4,1,90.25,59,3,2,1,2,2,2,2,4,4,4,2,2,2,1,5,2,4,2,3,1,50,1,0,1,0,0,2,0,0,3,1,0,2,0,4,2,0,1,2,1,0,20,3,4,2,2,3,1,2,3,2,1,2,2,1,4,1,4,1,2,1,2,3,3,2,4,2,4,2,3,2,2,70,12,11,19,20,8,4,2,2,5,5,3,4,2,5,5,3,6,4,3,5,4,5,3,70,7,1,7,2,7,2,1,2,3,2,4,4,3,3,4,1,3,4,2,2,4,33
18,99,99,100,15,100,72,100,100,85.63,99,100,99,99,100,10,39,85,78.88,100,100,49,91,100,7,20,85,69.00,88,99,100,99,99,10,9,100,75.50,1,7,9,5,13,1,10,20,8.25,100,18,20,57,20,82,20,60,47.13,80,19,25,0,0,60,0,99,35.38,0,4,83,3,100,7,4,100,37.63,85,98,100,86,100,86,100,87,92.75,63,77,94,87,78,51,96,79,78.13,89,100,99,64,89,31,10,50,66.50,47,39,88,94,100,35,70,100,71.63,9,0,37,18,8,6,30,82,23.75,100,9,7,51,8,36,24,60,36.88,68,16,10,1,19,44,7,40,25.63,2,61,97,0,100,1,32,95,48.50,1,1,3,3,1,2,2,1,1,3,4,3,4,2,3,196.5,114,5,5,5,4,1,5,5,1,5,2,5,5,5,5,5,5,5,1,1,3,78,1,2,4,1,2,0,3,4,0,4,0,0,4,3,2,0,3,0,4,0,37,5,5,5,5,4,5,3,5,5,5,5,4,4,5,5,5,5,5,4,5,5,5,5,5,2,5,5,5,4,5,140,23,30,29,30,28,7,7,1,4,1,1,1,2,3,7,1,1,7,7,1,1,1,7,60,4,2,7,3,5,2,5,2,4,5,3,4,5,3,5,6,6,7,2,6,6,39
19,55,50,61,0,61,50,70,59,50.75,0,36,61,50,48,41,60,41,42.13,54,40,40,42,60,54,39,0,41.13,0,45,31,54,49,46,66,34,40.63,1,40,41,11,65,69,56,70,44.13,1,34,2,45,30,27,50,41,28.75,33,70,4,51,59,59,23,40,42.38,1,50,22,20,44,36,61,53,35.88,4,99,38,43,42,27,40,37,41.25,33,31,42,36,24,61,32,38,37.13,41,39,50,48,48,12,32,5,34.38,0,46,41,57,38,38,44,35,37.38,4,50,27,17,41,31,72,41,35.38,0,43,0,40,35,9,4,56,23.38,39,40,18,38,4,38,39,0,27.00,19,50,43,36,50,17,26,40,35.13,2,2,2,3,3,3,3,3,3,3,3,3,3,3,3,132.125,78,3,3,3,3,3,2,3,4,4,4,3,3,3,2,3,3,2,2,4,4,61,2,2,2,2,2,2,1,2,2,3,2,3,2,1,2,1,2,1,2,3,39,3,2,2,2,3,3,3,3,3,3,2,3,4,3,2,3,4,3,3,2,3,4,3,2,2,3,4,3,2,3,85,15,17,16,17,20,4,4,3,3,5,5,4,4,3,5,4,4,5,4,3,5,4,3,72,3,1,1,3,1,1,1,1,1,2,2,1,1,2,2,2,2,2,2,2,2,15
20,65,54,70,30,85,32,40,48,53.00,15,60,42,30,60,54,39,48,43.50,65,46,49,52,35,45,35,34,45.13,10,36,39,45,60,26,20,66,37.75,74,32,37,25,82,52,65,57,53.00,73,54,35,65,50,46,59,74,57.00,59,53,30,37,26,60,47,31,42.88,33,73,40,75,40,35,21,75,49.00,80,74,76,37,80,41,46,66,62.50,24,54,48,72,75,35,55,40,50.38,50,43,73,39,39,50,73,43,51.25,35,61,56,62,65,74,64,70,60.88,62,60,58,44,58,53,44,34,51.63,53,63,44,76,72,74,63,63,63.50,50,54,38,49,59,56,50,40,49.50,40,64,65,60,55,36,78,81,59.88,1,1,1,2,2,3,2,1,1,1,2,3,1,3,1,207.875,127,2,3,1,2,3,2,1,2,3,1,2,2,2,1,1,1,2,1,3,1,36,2,2,1,2,0,3,1,1,4,1,1,2,0,4,4,0,1,4,2,1,36,1,2,4,1,1,1,2,3,1,3,2,2,2,2,3,2,2,2,1,1,2,1,1,1,2,1,1,2,1,1,51,13,6,9,11,12,3,5,6,2,6,2,4,3,4,6,2,2,2,4,5,2,3,2,63,4,1,1,2,4,2,1,2,2,1,2,2,3,1,4,1,2,1,2,1,2,23
21,65,64,80,34,95,64,52,46,62.50,25,47,70,59,69,59,59,50,54.75,48,60,45,58,66,58,49,49,54.13,28,42,36,61,29,54,59,68,47.13,2,0,0,4,2,0,0,6,1.75,11,4,13,30,3,39,4,5,13.63,0,2,33,0,0,2,0,0,4.63,2,0,0,0,45,0,9,5,7.63,64,11,85,33,91,69,39,67,57.38,26,64,78,51,62,6,69,53,51.13,53,66,66,71,54,59,42,40,56.38,46,69,34,63,1,58,37,42,43.75,0,0,0,0,2,1,0,0,0.38,4,6,4,1,0,14,0,4,4.13,2,1,4,1,0,0,3,0,1.38,1,0,2,0,2,0,1,3,1.13,1,1,1,3,3,1,1,1,3,1,4,4,1,4,1,26.125,11,1,1,1,5,5,1,1,1,1,5,1,1,1,1,1,1,1,3,3,3,38,4,0,0,4,0,4,1,1,3,1,3,3,1,3,3,1,1,3,1,2,39,1,1,1,1,1,1,1,1,1,1,1,1,1,1,1,1,1,1,1,1,1,1,1,1,1,1,1,1,1,1,30,6,6,6,6,6,3,3,3,3,3,3,3,3,3,5,3,3,2,2,2,2,2,2,50,3,2,1,1,2,2,2,2,3,2,3,3,3,4,4,2,4,4,2,2,6,23
22,90,90,99,69,81,100,100,69,87.25,69,80,59,80,90,90,29,100,74.63,99,98,99,79,80,40,99,60,81.75,80,90,50,90,70,90,100,85,81.88,60,100,50,99,99,98,70,80,82.00,60,88,80,100,90,79,100,79,84.50,79,89,81,59,69,99,60,91,78.38,100,79,70,57,100,70,90,80,80.75,76,80,99,39,80,88,96,49,75.88,42,70,59,81,38,86,19,100,61.88,98,77,91,80,78,90,89,58,82.63,65,74,45,64,89,84,80,90,73.88,60,90,49,75,98,88,41,95,74.50,51,81,69,99,89,52,98,92,78.88,90,61,80,40,70,82,57,89,71.13,93,81,38,60,100,29,67,94,70.25,5,5,5,4,5,5,4,5,4,5,4,5,5,4,5,267.25,,5,5,5,4,4,5,5,5,5,3,5,4,5,5,3,2,3,1,3,2,79,3,1,1,3,1,3,1,1,3,1,3,1,1,3,3,1,1,3,1,0,35,1,1,1,1,2,1,1,2,2,2,2,1,2,2,2,2,2,2,2,2,2,2,2,3,2,2,2,2,2,2,54,9,10,11,12,12,6,6,6,6,6,6,6,6,6,2,5,4,6,6,4,4,4,4,93,7,7,7,4,7,7,7,3,7,7,7,7,7,2,6,1,6,1,6,1,6,63
23,100,80,100,0,60,30,90,19,59.88,29,40,99,80,60,40,20,100,58.50,100,80,100,80,30,10,69,80,68.63,90,30,60,61,80,80,80,90,71.38,70,80,59,71,60,90,20,20,58.75,80,20,80,80,90,72,100,100,77.75,80,61,100,80,80,81,81,80,80.38,90,60,30,60,70,31,9,100,56.25,80,80,80,9,70,69,60,0,56.00,20,40,70,30,30,30,10,60,36.25,90,30,60,31,50,20,70,31,47.75,30,30,40,80,80,20,21,90,48.88,70,70,29,70,40,61,9,30,47.38,80,30,39,70,71,20,60,81,56.38,70,60,81,71,19,70,79,61,63.88,80,30,32,60,70,30,40,89,53.88,1,1,1,2,2,1,4,1,2,2,3,4,1,3,1,183.875,128,1,4,1,2,1,1,1,2,1,4,4,1,1,1,5,1,2,2,2,5,42,3,3,4,4,1,4,1,0,2,1,4,4,3,4,4,0,2,3,3,0,50,4,4,2,3,1,2,2,5,3,4,5,2,4,2,3,5,2,3,3,2,4,2,2,4,5,4,1,3,2,2,90,16,12,19,25,18,2,6,3,1,7,3,6,6,5,6,1,1,1,5,3,5,2,1,64,6,1,3,3,3,1,1,2,3,3,4,4,3,2,6,1,5,2,5,1,6,29
24,67,67,71,60,25,20,12,10,41.50,60,80,62,66,40,10,46,27,48.88,70,68,62,49,0,18,59,61,48.38,31,78,34,19,55,2,89,57,45.63,60,50,70,10,80,62,7,59,49.75,75,50,70,71,27,10,31,9,42.88,22,57,61,29,54,19,49,61,44.00,40,46,71,59,65,70,60,59,58.75,71,80,69,50,50,39,61,61,60.13,60,50,70,70,69,61,70,60,63.75,70,29,60,60,0,60,70,70,52.38,65,60,60,69,58,40,26,60,54.75,65,80,60,64,59,49,50,62,61.13,60,62,59,60,61,59,60,22,55.38,19,59,66,39,70,60,58,50,52.63,69,61,62,60,59,60,43,70,60.50,1,1,1,3,3,2,4,1,2,3,4,3,1,4,1,185.5,141,4,4,4,3,1,4,4,2,3,1,2,3,4,2,1,2,2,2,1,2,51,1,2,2,1,1,2,3,2,1,1,0,3,0,1,3,1,1,2,3,1,31,3,4,5,3,4,2,3,3,3,1,2,3,2,3,1,2,1,3,1,2,3,1,1,3,4,4,2,4,3,2,78,21,12,20,18,7,6,4,5,6,4,5,3,4,5,6,3,3,4,5,2,3,4,4,76,1,1,1,3,5,5,3,2,3,3,5,4,4,3,4,2,4,3,4,3,4,33
25,90,91,96,70,70,70,29,10,65.75,4,80,89,10,90,50,94,79,62.00,100,80,94,90,70,66,89,70,82.38,90,90,10,75,94,94,95,90,79.75,20,95,29,80,85,40,10,30,48.63,29,80,40,59,70,60,74,80,61.50,64,79,90,9,69,90,4,30,54.38,60,80,69,90,85,89,10,91,71.75,83,80,94,80,60,81,69,67,76.75,9,90,96,81,70,80,93,14,66.63,98,91,40,95,80,86,86,80,82.00,72,88,85,96,71,90,96,71,83.63,9,79,2,7,82,19,13,10,27.63,9,9,76,87,5,9,50,83,41.00,71,78,4,79,70,90,13,18,52.88,39,9,71,23,79,60,80,90,56.38,1,1,1,2,1,1,3,1,1,1,1,2,1,1,1,226.375,158,1,1,1,2,3,4,1,3,1,2,1,1,1,1,2,2,2,3,2,2,36,2,1,1,4,1,3,1,1,3,2,3,2,0,3,3,0,1,2,0,2,35,1,3,3,2,2,2,3,2,3,2,2,2,2,2,2,2,2,3,2,2,2,2,2,2,2,2,2,2,2,2,64,15,12,14,11,12,2,3,3,3,4,3,3,2,2,6,3,3,3,3,3,4,4,4,58,6,4,7,1,6,6,1,2,5,4,4,5,5,4,3,2,5,2,3,2,4,41
26,49,57,68,33,30,22,19,24,37.75,33,33,46,33,26,20,26,21,29.75,61,61,41,34,32,30,37,30,40.75,34,54,32,55,19,23,34,28,34.88,50,56,32,40,21,27,21,27,34.25,41,33,48,50,27,50,27,16,36.50,40,50,31,31,23,31,21,28,31.88,35,36,38,20,36,21,21,25,29.00,57,51,56,27,22,27,30,24,36.75,35,32,37,42,27,32,34,24,32.88,47,52,47,33,30,23,27,43,37.75,34,35,45,45,26,22,23,29,32.38,39,44,34,37,27,24,27,27,32.38,42,33,34,44,25,30,28,25,32.63,30,34,41,41,24,28,24,27,31.13,42,37,32,40,32,28,28,25,33.00,2,1,1,3,3,1,2,2,4,2,3,3,3,4,1,115,66,3,3,1,3,2,2,2,2,2,3,3,3,2,2,3,3,4,4,3,4,54,3,1,1,3,1,2,1,1,2,2,2,2,3,4,2,0,1,2,1,2,36,2,3,4,4,4,4,4,3,4,3,4,4,4,4,4,4,3,4,3,3,4,3,3,3,4,4,4,4,4,4,109,24,22,23,20,20,3,2,2,2,3,5,5,5,4,4,3,3,4,4,4,4,5,4,66,2,1,1,1,3,2,4,3,3,3,3,3,3,2,5,2,5,2,5,2,5,27
27,90,89,60,41,19,58,40,21,52.25,31,71,81,41,21,20,20,80,45.63,90,90,99,70,20,29,70,61,66.13,78,80,80,91,50,71,80,40,71.25,49,89,29,70,20,60,19,30,45.75,80,70,60,40,41,20,69,30,51.25,50,71,61,80,20,30,19,29,45.00,100,70,29,100,80,19,30,80,63.50,89,90,94,41,30,20,28,10,50.25,40,29,78,41,60,20,20,59,43.38,100,59,94,82,30,20,38,60,60.38,21,70,62,70,69,39,70,59,57.50,30,50,21,61,20,21,20,31,31.75,30,58,61,66,31,31,19,33,41.13,40,60,60,70,29,39,60,21,47.38,20,82,26,95,30,59,29,70,51.38,1,1,1,4,3,1,4,1,3,1,4,4,1,4,1,136.375,137,2,4,1,2,3,1,1,2,1,2,2,4,1,1,3,3,2,2,2,2,41,2,1,0,1,0,2,0,0,1,0,1,3,0,1,2,2,0,1,0,0,17,3,4,3,3,1,2,1,2,2,1,2,3,1,3,2,3,2,2,1,2,3,3,2,2,3,2,4,4,3,3,72,15,16,14,17,10,5,2,3,2,6,5,2,4,4,4,3,6,1,2,5,3,5,2,64,7,1,7,3,6,1,1,2,2,1,5,3,6,3,5,2,5,1,5,3,6,32
28,91,97,98,49,62,86,60,15,69.75,37,30,80,50,51,21,61,70,50.00,98,64,86,40,65,31,85,60,66.13,80,70,60,60,75,50,68,39,62.75,50,66,30,65,78,60,30,60,54.88,50,21,51,59,49,35,60,51,47.00,60,60,43,29,55,66,65,57,54.38,78,70,54,91,86,30,41,84,66.75,80,100,100,55,0,55,55,0,55.63,1,45,80,100,74,45,80,80,63.13,99,55,100,55,55,0,80,80,65.50,95,80,45,75,55,1,45,75,58.88,55,56,0,1,80,55,0,80,40.88,55,45,1,56,44,44,45,54,43.00,55,55,74,54,44,45,45,45,52.13,80,80,55,74,80,55,0,99,65.38,1,1,1,3,3,1,2,1,3,1,3,3,1,3,1,165.375,162,4,4,3,4,1,5,4,2,4,2,3,4,3,4,2,5,2,1,3,1,61,1,2,3,3,3,2,2,1,1,2,0,2,2,0,2,1,1,0,1,0,29,4,5,4,5,5,4,4,4,5,5,5,4,4,5,5,5,4,4,3,4,4,5,4,5,4,5,5,5,4,4,133,24,26,30,27,26,5,3,3,5,3,3,2,2,3,3,2,6,4,3,4,2,4,4,61,7,1,4,2,6,1,4,2,3,4,4,4,3,5,6,2,4,5,5,3,4,36
30,17,14,32,0,0,0,0,0,7.88,6,13,28,11,12,8,15,0,11.63,36,7,52,15,0,0,9,4,15.38,8,8,10,10,3,0,2,8,6.13,24,17,0,7,10,3,0,1,7.75,16,5,2,7,0,0,2,0,4.00,5,7,7,1,0,0,0,4,3.00,19,9,5,11,15,4,1,12,9.50,32,13,28,0,0,0,0,0,9.13,2,10,18,4,1,3,5,3,5.75,66,1,25,8,6,0,22,5,16.63,7,14,4,4,3,0,2,6,5.00,33,7,0,5,33,0,0,3,10.13,3,0,0,3,0,0,5,0,1.38,5,1,0,0,3,8,0,0,2.13,13,5,1,4,14,0,0,34,8.88,1,1,1,1,1,1,3,1,1,1,2,3,1,1,1,34.875,42,1,2,1,2,1,1,2,1,1,2,1,1,1,1,3,3,3,2,2,1,32,1,0,0,2,0,1,0,0,1,0,0,0,0,0,2,1,0,0,2,3,13,1,1,1,1,1,1,1,1,1,1,1,1,1,1,1,1,1,1,1,1,2,1,2,2,2,1,1,2,1,2,36,7,8,6,9,6,6,1,2,4,4,1,6,5,6,4,4,4,1,1,6,1,3,7,66,7,1,1,1,5,1,1,1,2,5,3,3,3,3,5,3,5,1,2,4,5,29
31,10,31,2,0,0,0,20,2,8.13,2,1,4,67,75,2,15,3,21.13,99,5,50,3,2,0,6,1,20.75,40,2,4,0,1,6,6,16,9.38,4,0,0,0,24,10,6,0,5.50,0,8,1,65,10,1,50,7,17.75,5,35,8,1,0,10,20,16,11.88,42,41,4,64,8,1,9,56,28.13,64,80,83,0,2,0,45,0,34.25,1,0,16,0,0,0,0,46,7.88,97,51,85,0,0,0,47,24,38.00,93,0,0,0,49,0,0,8,18.75,0,55,0,34,48,1,67,0,25.63,0,0,0,1,0,0,42,0,5.38,15,20,60,0,1,0,1,0,12.13,77,57,20,88,83,0,0,93,52.25,1,1,1,5,1,1,1,1,3,1,4,5,1,5,1,159.25,101,1,1,1,1,3,1,1,1,1,2,1,1,1,1,1,1,1,3,1,1,25,1,4,1,1,0,1,1,0,4,2,0,4,0,0,0,2,0,1,4,0,26,3,1,1,2,1,3,1,4,1,1,1,1,1,1,3,1,1,1,1,1,2,1,2,2,1,1,1,2,1,1,44,6,10,6,14,8,7,7,7,7,7,7,7,7,7,1,7,7,7,7,7,7,7,7,120,6,3,2,4,6,4,3,3,3,4,2,4,4,4,4,2,4,6,3,2,4,41
32,90,80,81,19,12,22,57,18,47.38,50,32,30,50,20,29,30,34,34.38,100,23,50,60,69,30,60,28,52.50,51,50,48,14,50,54,39,43,43.63,26,40,30,15,34,26,39,28,29.75,30,29,18,36,20,33,57,27,31.25,12,30,6,20,31,50,30,41,27.50,20,7,45,45,60,33,14,69,36.63,80,66,80,40,8,9,49,26,44.75,48,20,33,37,42,11,60,19,33.75,89,59,36,37,67,31,30,20,46.13,23,20,9,29,54,40,21,31,28.38,48,33,0,0,19,72,0,10,22.75,70,60,20,19,30,60,13,43,39.38,20,39,38,72,28,29,10,28,33.00,50,39,51,77,38,66,57,67,55.63,1,1,1,3,4,1,4,1,3,1,4,4,1,4,1,176.625,141,1,3,1,4,3,2,1,1,2,1,3,4,2,1,2,2,4,3,1,2,43,1,0,0,1,0,4,0,0,0,1,0,3,0,1,2,0,0,0,0,0,13,2,2,1,4,3,2,1,2,3,1,3,1,2,3,1,2,2,1,1,3,3,2,4,2,1,2,4,2,1,4,65,6,21,16,13,9,1,6,5,1,3,5,6,2,2,6,1,1,1,1,4,3,5,3,56,7,1,7,4,5,1,1,2,2,2,2,1,2,1,4,1,4,3,4,1,4,27
33,98,100,98,50,9,10,7,29,50.13,50,80,82,96,62,8,86,59,65.38,100,92,94,88,70,21,15,23,62.88,65,66,83,77,10,60,64,37,57.75,58,67,29,19,28,6,34,6,30.88,88,50,50,82,24,0,12,9,39.38,44,65,66,79,22,24,18,36,44.25,99,57,73,100,67,3,6,31,54.50,100,99,100,28,5,8,10,8,44.75,70,76,84,91,64,8,84,10,60.88,99,95,96,93,8,9,17,8,53.13,69,77,53,66,7,10,11,13,38.25,86,73,9,49,18,1,2,14,31.50,80,11,12,83,5,10,9,10,27.50,68,18,10,59,6,13,7,8,23.63,82,78,52,99,70,12,14,15,52.75,1,1,1,1,1,3,1,1,1,1,2,2,1,1,1,145.75,37,1,2,4,2,1,2,3,1,1,1,2,5,2,3,5,4,3,2,1,2,47,1,1,1,3,2,4,0,1,4,1,1,1,0,2,2,2,0,0,1,2,29,4,2,2,2,1,2,2,3,4,1,2,2,1,3,1,3,1,2,1,2,4,1,2,3,2,1,1,3,1,1,60,11,10,13,20,6,7,2,7,5,5,6,6,6,6,7,6,6,6,3,6,5,6,6,101,5,1,7,2,6,1,1,2,3,1,4,3,3,2,4,1,2,2,2,1,2,27
34,70,75,85,35,50,39,9,10,46.63,69,75,74,40,50,6,25,30,46.13,100,8,64,47,14,11,75,34,44.13,25,46,71,45,30,50,80,75,52.75,64,30,35,31,51,30,30,10,35.13,41,36,46,25,35,14,38,52,35.88,20,32,60,39,35,40,10,20,32.00,75,30,45,64,45,36,65,46,50.75,60,61,70,34,40,21,20,14,40.00,50,75,70,40,49,15,25,30,44.25,100,10,60,50,37,16,36,30,42.38,25,60,55,60,30,50,63,65,51.00,55,30,20,41,40,44,18,35,35.38,31,36,30,51,40,15,30,39,34.00,30,42,27,35,20,60,9,30,31.63,70,65,69,50,30,37,69,40,53.75,1,1,1,2,1,1,3,1,1,1,2,2,3,3,1,166.75,87,2,2,1,2,1,1,1,1,1,1,3,1,1,3,2,5,2,2,5,1,38,3,0,0,2,1,4,3,0,1,2,2,0,0,1,4,1,0,4,4,1,33,3,2,2,1,3,1,1,4,1,1,5,1,1,1,1,2,1,1,1,1,2,1,1,2,1,2,1,4,1,1,50,7,6,14,17,6,6,6,7,6,7,7,6,7,7,7,5,4,6,5,6,7,7,4,110,6,1,6,2,7,1,1,1,3,4,1,3,6,1,3,1,1,1,7,1,2,34
35,80,90,100,19,79,80,70,20,67.25,70,10,19,70,80,50,10,89,49.75,99,80,80,49,75,20,99,88,73.75,79,70,10,90,60,59,79,80,65.88,69,89,79,29,79,80,9,81,64.38,79,80,21,89,70,50,88,80,69.63,60,80,80,40,19,49,10,60,49.75,78,80,70,79,71,88,60,90,77.00,91,90,50,71,79,89,79,50,74.88,30,80,80,81,72,81,11,30,58.13,88,91,21,89,90,79,81,80,77.38,77,88,89,50,79,51,59,12,63.13,80,87,84,59,81,81,80,80,79.00,81,80,80,80,79,92,66,90,81.00,89,80,80,79,80,80,80,50,77.25,79,51,89,31,89,30,69,81,64.88,1,2,1,5,5,1,4,1,5,2,4,5,1,4,1,254.875,121,2,2,1,2,2,1,1,1,1,1,2,1,1,1,2,2,1,1,1,3,29,1,2,2,3,1,1,3,1,2,4,0,1,1,1,3,0,1,3,4,0,34,4,3,3,4,3,2,3,4,3,2,4,3,2,2,4,5,2,3,2,4,4,4,5,3,4,3,4,4,3,5,101,19,24,18,24,16,7,7,6,6,7,7,7,2,5,6,6,2,2,5,4,6,6,2,93,6,1,5,2,5,3,1,2,3,4,4,3,3,1,5,1,4,2,5,2,5,32
36,40,59,65,7,3,11,5,5,24.38,29,14,40,22,35,5,67,17,28.63,85,23,48,26,21,6,6,25,30.00,25,21,27,34,2,14,15,29,20.88,13,33,3,20,8,0,4,5,10.75,15,11,8,30,11,3,16,3,12.13,17,15,10,3,15,7,6,6,9.88,40,15,19,26,37,4,1,30,21.50,32,48,44,7,7,9,22,8,22.13,4,11,69,52,13,10,75,45,34.88,48,21,25,24,31,18,16,17,25.00,27,24,8,16,15,15,1,23,16.13,28,22,18,27,27,11,5,15,19.13,23,20,7,30,14,23,7,10,16.75,26,21,5,4,12,12,4,4,11.00,17,13,38,27,18,9,6,28,19.50,1,2,1,4,4,1,4,1,3,2,4,5,1,4,2,71.5,48,3,2,2,3,1,4,2,3,2,2,1,1,2,1,4,2,2,1,1,3,42,0,1,4,2,1,2,2,4,2,4,1,4,0,4,3,1,0,4,2,0,41,1,3,3,5,2,3,4,2,1,3,4,2,2,2,1,1,3,1,1,3,5,4,5,4,2,2,5,5,4,5,88,16,26,14,18,14,6,1,2,7,5,3,2,5,6,6,7,4,4,2,4,6,7,4,81,7,2,7,3,3,2,1,2,2,1,4,2,2,2,6,4,7,5,4,3,7,25
37,90,90,80,40,25,20,66,29,55.00,25,74,85,65,66,48,80,40,60.38,95,52,60,67,75,43,55,53,62.50,66,71,76,58,60,50,78,55,64.25,60,35,35,61,50,25,20,42,41.00,66,67,39,63,44,46,54,26,50.63,55,68,56,46,53,45,42,19,48.00,72,56,52,65,70,32,20,84,56.38,84,85,88,38,25,36,48,28,54.00,46,40,86,55,63,40,60,51,55.13,90,41,73,35,75,55,62,58,61.13,76,63,40,43,35,54,56,49,52.00,55,54,37,55,50,39,32,52,46.75,65,61,29,70,40,38,32,24,44.88,63,54,71,32,40,47,43,38,48.50,60,49,42,65,57,27,36,85,52.63,1,1,1,4,3,1,4,1,3,1,4,4,1,4,1,171.625,120,2,2,1,2,2,2,2,1,2,2,2,2,2,2,1,5,3,1,3,1,40,1,3,3,2,3,3,2,1,1,1,1,1,0,3,3,2,1,0,4,0,35,2,4,2,3,4,2,4,3,4,3,4,2,3,4,4,4,3,4,2,2,3,4,4,4,2,5,4,4,3,3,99,17,18,25,20,19,2,3,5,3,2,5,5,5,6,6,6,5,6,5,5,4,6,4,83,7,1,7,4,5,2,1,2,5,4,3,4,6,4,5,2,5,2,4,4,5,40
38,91,85,94,25,10,90,65,12,59.00,78,55,83,40,86,79,85,57,70.38,100,62,80,80,95,39,83,67,75.75,53,70,70,51,77,90,44,80,66.88,74,40,24,22,89,70,20,41,47.50,30,13,75,89,22,54,88,89,57.50,80,59,20,5,10,60,10,15,32.38,95,80,14,86,87,35,5,100,62.75,100,50,100,63,34,100,83,13,67.88,94,76,90,35,90,64,64,87,75.00,100,71,94,73,96,82,92,66,84.25,20,47,71,69,15,90,61,86,57.38,93,94,16,63,96,65,14,38,59.88,54,35,51,93,30,75,96,77,63.88,92,40,92,16,67,50,32,39,53.50,99,57,25,80,100,13,46,96,64.50,1,1,1,2,3,1,4,1,4,1,4,3,1,4,2,234.5,118,4,4,2,3,2,4,3,2,4,2,2,1,3,2,5,3,4,2,2,2,56,2,3,1,4,1,4,2,0,2,3,1,3,0,4,3,1,1,1,3,1,40,4,3,4,2,3,1,3,3,3,3,3,3,3,3,4,4,5,2,1,1,3,4,3,3,4,3,3,3,4,3,91,20,13,18,20,20,5,3,6,5,6,7,7,3,3,2,2,5,6,6,5,5,6,7,89,1,1,1,1,5,3,1,2,3,1,4,4,5,1,4,1,5,1,4,1,4,26
39,47,60,58,7,7,20,14,8,27.63,16,30,24,22,35,18,7,15,20.88,60,14,38,20,35,8,15,10,25.00,14,17,26,20,9,21,15,15,17.13,16,10,8,15,4,16,8,11,11.00,29,13,10,30,9,7,15,31,18.00,9,10,14,9,9,8,13,8,10.00,41,13,8,24,26,9,9,50,22.50,57,51,45,30,4,11,32,74,38.00,25,31,21,20,25,35,15,14,23.25,56,20,16,21,32,6,21,16,23.50,7,15,4,19,9,10,4,9,9.63,10,22,4,14,7,6,4,15,10.25,35,19,6,19,17,9,3,20,16.00,3,25,19,6,25,22,15,17,16.50,30,17,18,7,28,15,8,40,20.38,1,1,1,3,1,1,3,1,1,2,2,3,1,3,1,72.375,64,2,2,2,2,2,2,3,4,2,2,2,4,2,1,3,1,3,3,2,1,45,1,1,2,1,1,2,0,1,4,1,0,2,0,1,1,0,0,3,2,1,24,3,4,2,4,4,3,2,3,3,2,3,1,2,3,2,4,2,1,2,3,3,3,2,3,2,4,4,3,2,3,82,10,19,21,19,13,6,2,5,2,5,5,6,6,5,3,4,6,5,5,4,5,3,6,83,4,2,7,2,7,1,1,2,3,1,3,3,3,3,5,1,5,1,5,1,5,27
40,80,80,76,19,50,41,70,31,55.88,60,61,50,51,67,32,60,60,55.13,86,44,73,40,52,32,80,21,53.50,60,49,66,26,500,86,45,43,109.38,51,64,25,29,55,69,34,45,46.50,39,51,35,41,41,55,51,70,47.88,60,50,60,26,79,59,36,36,50.75,71,35,30,60,60,35,29,80,50.00,65,65,70,25,40,31,74,30,50.00,55,25,42,57,60,22,45,54,45.00,71,44,65,40,50,29,65,41,50.63,45,40,55,42,45,59,60,49,49.38,45,59,29,48,52,54,39,50,47.00,53,51,35,55,48,41,65,65,51.63,53,41,53,26,39,56,35,35,42.25,56,46,34,43,44,42,39,43,43.38,1,1,1,2,3,1,4,1,2,3,5,4,2,4,1,150.375,96,1,1,1,2,2,2,2,1,2,2,2,1,1,1,3,3,2,2,2,3,36,1,1,2,2,2,2,2,3,1,2,1,3,2,2,3,2,2,1,2,0,36,3,5,3,4,2,1,3,3,2,1,3,2,3,4,1,4,2,4,5,3,3,1,1,4,1,4,5,4,1,4,86,14,18,20,21,13,6,7,5,6,6,6,7,6,6,3,2,1,4,6,2,3,1,3,80,7,3,7,3,6,1,1,1,3,4,3,3,2,1,4,1,6,4,4,2,2,31